OBJECTID,LAD22CD,LAD22NM,BNG_E,BNG_N,LONG,LAT,GlobalID,SHAPE_Length,SHAPE_Area
1,E06000001,Hartlepool,447160,531474,-1.27018,54.67614,{2576BA95-3898-4244-AC70-3C4808642BAF},70995.1737762769,93717028.4682631
2,E06000002,Middlesbrough,451141,516887,-1.21099,54.54467,{B03A3267-2336-4536-90D3-05F179F0777D},44479.6463704944,53881558.2756672
3,E06000003,Redcar and Cleveland,464361,519597,-1.00608,54.56752,{708A11DF-CBC7-4BC4-976B-5509EDF2C4FB},96703.510654422,245069510.006885
4,E06000004,Stockton-on-Tees,444940,518183,-1.30664,54.556911,{3A4EFC85-966A-4BA4-AFA4-8DDF4C962AFD},123404.959102325,204932934.936991
5,E06000005,Darlington,428029,515648,-1.56835,54.535339,{02BE29D6-FEC1-49DF-B81A-DF81E66D0678},107202.299425244,197477753.555023
6,E06000006,Halton,354246,382146,-2.68853,53.33424,{28233048-0E71-41B7-A10F-00915BE3E43E},77769.836615617,79084021.9704082
7,E06000007,Warrington,362744,388456,-2.5616701,53.391628,{C6CBA057-B55E-4F9C-A876-17BE9B07C9C8},114688.093563908,180627983.012439
8,E06000008,Blackburn with Darwen,369490,422806,-2.4635999,53.700802,{F991DCBC-5952-444D-A323-634319147112},65284.373515037,137022093.525703
9,E06000009,Blackpool,332819,436635,-3.0219901,53.82164,{A380776F-0E0B-4E08-B8F9-363CA8AC35B4},34480.7839275111,34870852.2285068
10,E06000010,"Kingston upon Hull, City of",511894,431650,-0.30382001,53.769199,{DD25F1E2-7835-40DA-825E-718687B8A91C},64680.530906749,71583595.6553129
11,E06000011,East Riding of Yorkshire,488056,443597,-0.66194999,53.881119,{6595FC80-18ED-474E-AE02-4737F6C15EFF},504120.094305932,2404768954.86241
12,E06000012,North East Lincolnshire,523465,404564,-0.13911,53.52327,{DF13C458-E280-480D-A0C3-756DF76390DD},93246.2876540836,192622985.584533
13,E06000013,North Lincolnshire,497800,410993,-0.52407002,53.58643,{C7E2EEC7-6A71-4062-B14B-BB051F368465},244546.761114545,846540125.377698
14,E06000014,York,460864,452589,-1.07375,53.96582,{2186601E-FF06-450A-AB54-8E2B8B79B469},102020.79743521,271931454.714777
15,E06000015,Derby,435609,335375,-1.47189,52.914639,{D29DAB20-D1B5-4772-8A07-F266AE944FB0},50036.3185804889,78031107.3558926
16,E06000016,Leicester,458946,304594,-1.1303999,52.635921,{91A7F7B7-F3E2-446C-846F-E321F170CE14},51929.4942082033,73342034.1652942
17,E06000017,Rutland,492992,308655,-0.62629998,52.667648,{9D9F1D15-11D8-4A84-A410-F00CC48B8437},125879.320087915,393748938.334122
18,E06000018,Nottingham,456082,339969,-1.16667,52.954189,{3B442135-A931-4256-B4B2-1975AC29314A},58723.7427401093,74613549.3097304
19,E06000019,"Herefordshire, County of",349434,242834,-2.73931,52.081539,{6C60F4D7-C779-4F14-9282-A8F7D468D388},349869.988254533,2179708317.85815
20,E06000020,Telford and Wrekin,367035,313057,-2.4894099,52.714169,{D9F705ED-BC4C-4FAA-AC1A-9A7F41E417A8},118775.749483715,290313536.554375
21,E06000021,Stoke-on-Trent,389438,346652,-2.15888,53.017071,{5BFCCCCB-C695-4458-8E9A-65F76FFB9371},63971.3417170553,93448551.6494072
22,E06000022,Bath and North East Somerset,366217,161999,-2.4865401,51.356041,{266110CD-D5E7-4F2B-AB9E-5883AC02E222},141674.070852301,351123167.511109
23,E06000023,"Bristol, City of",359990,174846,-2.57742,51.471149,{981DF48E-D5BA-4AF0-ACB7-2A98DD298E65},109531.617064517,109666892.551537
24,E06000024,North Somerset,347614,166718,-2.75438,51.39706,{21AACEE7-C2BA-4C73-8A4F-62D6C40922D4},154748.225043695,374637219.774154
25,E06000025,South Gloucestershire,367559,183198,-2.4692199,51.54673,{C7606A8D-DEF3-478A-83DB-4467BF0E8585},143098.847233426,497050998.431686
26,E06000026,Plymouth,249945,58255,-4.1129699,50.404942,{C92F235D-B674-42FF-A645-0CC326D00518},92644.2442555712,79849695.3190902
27,E06000027,Torbay,289730,64613,-3.5552299,50.470921,{8922158F-AD62-4F94-9DD9-73E00297CD43},77909.5315513596,62886738.798917
28,E06000030,Swindon,418551,186564,-1.73367,51.577629,{E9E850B7-2F56-4A1E-BFB1-FF44F786E770},103011.758683882,230093343.900236
29,E06000031,Peterborough,517372,300777,-0.26874,52.59214,{9F6A143B-C5AA-490E-993B-58A294442159},112674.360200151,343378153.586915
30,E06000032,Luton,508606,222559,-0.42319,51.891022,{E706DF2E-426D-4917-9562-DC2A78550CDE},34569.1847138739,43352485.6741184
31,E06000033,Southend-on-Sea,587777,186837,0.70692301,51.549171,{036BC680-4E58-493E-BF43-12B76109536D},57782.8327652348,41673985.9964975
32,E06000034,Thurrock,562123,181590,0.33486101,51.509979,{230BB242-C209-4AB2-9E65-643E04A0048C},115990.648083053,163837060.033726
33,E06000035,Medway,578207,175198,0.56317401,51.44772,{EB2075A5-64E0-4EA9-ADEB-DDE797492DA5},249506.805435845,193714244.411955
34,E06000036,Bracknell Forest,488169,168792,-0.73363,51.411301,{187363BE-65A5-4D2C-8AAD-58F939AF8A40},62507.6688894678,109384217.922063
35,E06000037,West Berkshire,450575,172095,-1.27364,51.445591,{D6F3E0EE-103F-4841-8710-A27A3A61421D},166818.256909513,704182731.436693
36,E06000038,Reading,470226,173154,-0.99071002,51.453018,{E695B770-898C-4D44-BF10-356A33275E23},39327.6361285706,40397937.1150196
37,E06000039,Slough,498920,179246,-0.57617003,51.503502,{D5683372-92BB-41B3-B90B-FD2C59177451},44179.9803340001,32542015.6784479
38,E06000040,Windsor and Maidenhead,492079,176541,-0.67540997,51.480339,{226CFFD6-6002-4E4F-9A71-ED365A2E573B},114827.85425453,198427158.641402
39,E06000041,Wokingham,476624,169902,-0.89934999,51.422958,{D7D34F34-87F3-4C13-91E2-2E57ABD3B94B},86869.6892364654,178969062.886199
40,E06000042,Milton Keynes,486408,242308,-0.74070001,52.072411,{9D0D2C24-24A2-4EDC-9B78-E1D91A8E0072},102957.957280917,308626721.690451
41,E06000043,Brighton and Hove,530279,106850,-0.15079001,50.8465,{D9B89603-381E-468B-B60B-9B65C86C9CC4},59517.9984461413,82832986.3241034
42,E06000044,Portsmouth,465619,101352,-1.07006,50.807999,{F1DC35DA-ACBF-4A72-91D5-8CDFCB73475F},62708.2022736547,40381702.3691982
43,E06000045,Southampton,442303,113700,-1.39952,50.9212,{A8708514-6C1B-4B49-9290-D07A3EC7FE59},61542.7955829541,49880631.5834979
44,E06000046,Isle of Wight,447183,85949,-1.33366,50.671291,{B8F31DD0-AEB3-4158-B1D5-6EBDEABE481F},210137.73230538,379620110.287137
45,E06000047,County Durham,410381,532242,-1.8405,54.685131,{98EEB2C9-C800-4E1F-9FFD-C3F9E2E6F37B},315226.483631743,2231432414.12529
46,E06000049,Cheshire East,380510,363462,-2.29299,53.167931,{D9C8858A-2116-4D98-B008-B6C215E30E10},301202.123887001,1166357340.22482
47,E06000050,Cheshire West and Chester,353097,363145,-2.70298,53.163361,{D68BF3B0-94D1-474C-B3F3-2BF305732701},335602.059504917,920018024.621738
48,E06000051,Shropshire,350227,302960,-2.73667,52.62212,{273F499B-E132-47E4-85C9-E6D448418AAA},580599.506306274,3197275322.16008
49,E06000052,Cornwall,212497,64493,-4.64254,50.450218,{405A6D3C-1D39-4A3C-A769-B62A047A09A5},1241696.51353639,3548939126.92255
50,E06000053,Isles of Scilly,91327,11447,-6.3021698,49.923321,{770DFC46-55B3-47F9-B6D4-57E3D4BE7659},117979.163844593,16317752.103296
51,E06000054,Wiltshire,405209,158863,-1.92661,51.328831,{B5C12D25-8B95-4BF9-8E84-63ACF37088F6},401997.073738197,3255338105.52667
52,E06000055,Bedford,505721,256463,-0.45462999,52.196281,{491F35B8-C21A-4771-B551-D17736350E99},131719.277394327,476408313.58187
53,E06000056,Central Bedfordshire,504615,234492,-0.47753999,51.999031,{EC824B3F-28B2-4616-8FAC-B723B7987469},232685.180099796,715665436.199654
54,E06000057,Northumberland,395322,600700,-2.0752299,55.300381,{7704EB34-1432-470C-8DE6-7B5D038A125F},606236.971636112,5032312670.60117
55,E06000058,"Bournemouth, Christchurch and Poole",410815,94066,-1.84807,50.74609,{871FBDCA-C907-4E76-8D0C-87DAA0220ED8},169170.190930921,162070069.443739
56,E06000059,Dorset,370871,99796,-2.41467,50.79697,{CDC70BE1-BB93-4518-9A77-A9E458B90E16},594350.704732182,2490956549.68976
57,E06000060,Buckinghamshire,482506,208561,-0.80568999,51.769661,{F48A9E1C-DB4B-44BA-93C4-E068CD6F29BA},361907.474854912,1564937984.73704
58,E06000061,North Northamptonshire,493590,281718,-0.62503999,52.425461,{E6EE6F62-5625-4EEB-A820-EC7E81955702},210624.11619761,986594539.219587
59,E06000062,West Northamptonshire,467187,263879,-1.01682,52.268978,{9744E1FE-EDDA-4E66-A690-35D73F3A1262},263780.515769497,1380395590.74647
60,E07000008,Cambridge,545420,257901,0.126436,52.200169,{3C5D60C5-3BFB-4B47-B6A7-44BAB6661EE1},37169.1755199722,40698821.5531483
61,E07000009,East Cambridgeshire,555576,275765,0.283149,52.35788,{99E80FBB-FE04-4F50-A8C8-8DBFAEB1645C},234186.37804255,651285998.080761
62,E07000010,Fenland,536361,294959,0.0090159997,52.535439,{F260657A-80C6-4653-8E4B-AB6EEA509F43},187880.713056673,546450116.180778
63,E07000011,Huntingdonshire,521008,274269,-0.2247,52.353149,{6F4725CB-9F7F-47B2-8A92-40E634AEDDC3},223334.105789931,912455230.934777
64,E07000012,South Cambridgeshire,543295,247586,0.091017,52.108051,{3E424221-440F-4C58-872A-4BE44731FD2E},257074.631994721,901624749.080504
65,E07000026,Allerdale,317520,532997,-3.2809,54.685242,{3438DB44-E793-4276-8354-E2B25483455B},326487.424636604,1258309894.67566
66,E07000027,Barrow-in-Furness,321741,474165,-3.1998999,54.15731,{C00AFD0B-9D1F-47EB-AD74-83B4CE726A37},146479.426812761,77897008.4394721
67,E07000028,Carlisle,348576,565154,-2.80498,54.978329,{5845649A-D2E3-48C9-BDA6-FEA94310BFAE},278387.275851957,1038296843.1495
68,E07000029,Copeland,310871,508739,-3.3766401,54.466171,{B5CD3328-1BE0-4446-BD67-8FD9B0D9D41A},252310.172150815,737632415.013237
69,E07000030,Eden,359636,526396,-2.62678,54.631069,{F9C8B241-56E9-4695-BA18-433918B18B9D},268766.165774267,2156479430.46457
70,E07000031,South Lakeland,349265,489555,-2.78108,54.29908,{92268992-B196-43AB-98EE-44055309408C},381791.631485939,1554926499.51908
71,E07000032,Amber Valley,436166,348084,-1.46219,53.028839,{03618D8A-0BE4-4F90-86D6-6F52234B3722},109015.606044318,265437895.570174
72,E07000033,Bolsover,448666,371548,-1.27228,53.23875,{FEBC550B-B463-4646-8783-509B6C1F6088},96233.3664932634,160334643.51285
73,E07000034,Chesterfield,440049,373359,-1.40115,53.255749,{EA8993D9-BC60-4004-833C-A8DECB3C4BAC},52615.4706045034,66035323.1430878
74,E07000035,Derbyshire Dales,419697,358493,-1.70711,53.12326,{4287AEAF-5D3C-4B97-8079-5DD6D2A09E44},245455.056178363,795318009.745209
75,E07000036,Erewash,443721,338063,-1.3509001,52.938202,{BBA31C2A-02DE-4EDF-8333-934BE6C132FB},73544.8394314226,109630039.364225
76,E07000037,High Peak,410474,387660,-1.84398,53.385689,{E5AB7B6E-E789-45DE-AF81-C843F34CC9A0},159628.494883945,540254001.17195
77,E07000038,North East Derbyshire,437369,362955,-1.44253,53.16243,{AF36DF2D-DB40-4B02-8632-B38782490906},161225.071207052,275623494.267418
78,E07000039,South Derbyshire,431443,325363,-1.5348001,52.824902,{0E205244-AA81-488C-8630-7DFBFDC0200C},166687.786160215,338126978.454954
79,E07000040,East Devon,313787,96051,-3.22364,50.75761,{AA33377F-791A-4480-9056-C17313421752},219898.795348357,814238085.477091
80,E07000041,Exeter,293239,92005,-3.51368,50.717819,{2F7B5E97-1081-477F-B53E-046A244A20E7},50236.9824915717,47033060.6328915
81,E07000042,Mid Devon,288064,108911,-3.5921199,50.86882,{2A452B87-8A3D-40B5-A5D6-E19AEC0E8785},246619.148115469,912900687.436988
82,E07000043,North Devon,265110,132532,-3.9269099,51.07621,{1EC6F4C5-C51D-44D7-B198-2DE6D1B01528},321505.611666504,1085892212.38554
83,E07000044,South Hams,270676,54036,-3.8199601,50.371948,{3152485F-CD48-42A7-BA30-A834B06245EC},478785.95001398,886546852.06844
84,E07000045,Teignbridge,283144,80205,-3.65289,50.60981,{F2FAB2C6-C0CE-42D0-9EB8-3AE23A3ED81F},191462.662144763,673759624.001687
85,E07000046,Torridge,244206,114334,-4.2172799,50.907391,{881C9611-4B79-4D9B-8358-1C3EE83031A4},316896.681147026,985260246.945147
86,E07000047,West Devon,256376,86990,-4.0336099,50.66481,{17DE434F-0DAF-4AB4-8E92-D5030380CE16},254084.548041844,1161110790.80113
87,E07000061,Eastbourne,559339,99575,0.25851601,50.773869,{08765E42-305A-4091-A612-6753F840D7C3},38031.9095181751,44161445.7946317
88,E07000062,Hastings,581528,110694,0.57839501,50.867241,{938A4473-E2E5-4008-B617-D9E4EB0F3886},34101.6320304622,29796100.2024055
89,E07000063,Lewes,541474,105686,0.007671,50.833408,{544BBEBE-3CC0-4F34-9FC9-E93068BEECC3},168355.61556881,292106824.947975
90,E07000064,Rother,578721,119666,0.54293698,50.948711,{45907EFA-A1A4-4560-84AD-EEA732569952},180525.083767322,511753821.206629
91,E07000065,Wealden,555048,117180,0.205156,50.93322,{58E70CD4-BF65-4A81-B405-EA26DA544BB3},225861.743423267,834948480.555058
92,E07000066,Basildon,571548,190848,0.47505501,51.590359,{91053161-D4C7-4432-BB48-857844CC187E},85629.1291694683,110001020.08278
93,E07000067,Braintree,577253,227335,0.57591099,51.91634,{4E6A8C52-C1D2-43FE-BFCE-C7F4949304E2},168682.860674143,611708022.085835
94,E07000068,Brentwood,558560,196070,0.29009101,51.641079,{B885D814-42F8-4C4B-B585-C37BCED2F075},72338.7211144118,153124041.919708
95,E07000069,Castle Point,579490,187920,0.58808398,51.561588,{8AED590C-67E9-41F8-AAFD-8FB2F7156A0A},163435.975133225,44673543.6342427
96,E07000070,Chelmsford,572116,206972,0.49117699,51.735031,{9BAC50A5-E1DA-416C-9C00-063B2DE0DBF0},126392.216101991,342227524.020725
97,E07000071,Colchester,596944,223693,0.85977697,51.877022,{F6CEA24C-EABE-4BC2-8018-BE13444A234C},318166.221832058,332325207.727351
98,E07000072,Epping Forest,548919,203759,0.154147,51.712799,{2FFB97A9-BA17-479C-B9F7-EF5D8A17304E},123269.197706998,338984118.260993
99,E07000073,Harlow,545276,209589,0.103888,51.76614,{E0935C23-C67B-43C7-92BB-BF509F7796A0},28513.3707443895,30537927.5585314
100,E07000074,Maldon,591413,212072,0.77310598,51.774578,{ABCD00B3-D9EB-44A9-9BD4-23F138E49C18},469755.601244556,357815664.495136
101,E07000075,Rochford,585979,191417,0.683442,51.5909,{EB7AC1F1-5917-42E7-B79E-12C59F435846},234542.198085804,167092773.086909
102,E07000076,Tendring,614190,222141,1.108981,51.856739,{DACA6D9A-5E4A-4D35-9E15-038866DA728A},442524.763153252,336324483.20392
103,E07000077,Uttlesford,557832,228865,0.294485,51.935921,{9C25070D-8FA3-4DF3-88E5-5949E3F0CCA2},166503.257259224,641182884.003171
104,E07000078,Cheltenham,394925,222232,-2.07515,51.898609,{25AAFBCF-B4BB-4984-BE9B-578419CE3E25},38220.6903355067,46596063.9630439
105,E07000079,Cotswold,402125,208209,-1.97059,51.772549,{36106F6B-1365-4EDF-81C4-A63B90750876},332430.632142207,1164524434.80987
106,E07000080,Forest of Dean,367175,212759,-2.47755,51.812489,{63AA6925-84F7-4E27-ADFF-EF4CAA27C810},190123.946392422,525902205.293808
107,E07000081,Gloucester,384071,216449,-2.23263,51.846409,{00002F85-2306-4B8B-A15C-0A136239184B},33535.1384359469,40553067.1238802
108,E07000082,Stroud,378807,202410,-2.3081801,51.720009,{A208CEC2-DAC2-422C-A115-416E79AF1EA2},172776.057694809,460541932.840742
109,E07000083,Tewkesbury,386347,226279,-2.19998,51.934849,{331BACDA-955F-44E9-B823-33C058AC8D84},204816.828317149,414414331.620165
110,E07000084,Basingstoke and Deane,454508,151423,-1.22021,51.259369,{CBAA3BD5-8FD6-46A7-B7F5-4482DFE4C4C1},143445.561610085,633808768.307362
111,E07000085,East Hampshire,474405,129237,-0.93970001,51.057652,{16DEFF0E-6E94-47A5-8A38-C39DC9A7B53D},144529.50155922,514427244.742776
112,E07000086,Eastleigh,447199,116807,-1.32947,50.948761,{EFAE9DD6-2856-476A-B7EB-32FA2BEF51E5},75969.3701259383,79691534.0207159
113,E07000087,Fareham,453774,106319,-1.23742,50.853882,{147560AD-B72C-43DE-8C21-EB608F8B0147},66391.3182765975,74252568.8640326
114,E07000088,Gosport,458769,101088,-1.16731,50.806358,{F2EE33E2-9767-4566-BEC7-B366E0F75597},40198.9526446877,25373863.5986569
115,E07000089,Hart,477985,154240,-0.88321,51.281971,{15416B1C-12C8-4EE5-847C-B02CAC71A668},77846.4171414185,215265062.888568
116,E07000090,Havant,470178,108564,-1.00398,50.872311,{EA087B3A-A2A9-45B4-A2F4-C8087746C1BB},115656.102677142,55740905.0165182
117,E07000091,New Forest,428748,106521,-1.59293,50.857479,{56304896-3CBE-40E7-9DD0-6D68EC3C774F},332040.785463467,752175282.792796
118,E07000092,Rushmoor,486022,153944,-0.76806998,51.278149,{3121719D-BDFE-4432-997F-E4397A861031},31890.6799933273,39045031.3519522
119,E07000093,Test Valley,434930,137329,-1.50214,51.134171,{8A92BB1D-D740-4748-A9B3-5CA01D91DC51},190861.039845632,627605428.904006
120,E07000094,Winchester,453115,125901,-1.24393,51.030022,{181062D2-909B-43D2-BDED-2096466E512D},172284.74960649,660970784.218027
121,E07000095,Broxbourne,534742,204251,-0.050730001,51.720798,{D5039C79-F74E-4096-B28A-1AACBA608E87},39066.0781406613,51442323.4619497
122,E07000096,Dacorum,500084,208745,-0.55097997,51.768452,{3B402B41-3411-442E-9204-2A3EEBA6CF27},110099.851922617,212476384.667488
123,E07000098,Hertsmere,519774,199352,-0.26899001,51.680168,{F1D672FC-EC41-4A93-BC88-12D5CB1A39C0},61226.9755336208,101128118.175659
124,E07000099,North Hertfordshire,522191,230255,-0.22315,51.957371,{74855038-2617-43C5-B5AA-E811B13F5648},168304.522402386,375382263.828698
125,E07000102,Three Rivers,507313,196418,-0.45005,51.656319,{A8983695-9C17-4935-A509-B8E939140681},74110.3792841158,88824130.6231794
126,E07000103,Watford,510441,198197,-0.40428999,51.6717,{3D175EC0-0745-4A77-A893-029A8FCA22CE},26390.2208397151,21430353.229502
127,E07000105,Ashford,597640,140644,0.82337397,51.130959,{804C01D7-4ECA-489D-B1F6-931E2D5A2809},149444.582577307,580617311.896739
128,E07000106,Canterbury,616032,158096,1.096342,51.281021,{D225F082-ED60-4903-86E6-5E3BEAAB6B20},134480.530270858,308752611.633702
129,E07000107,Dartford,556167,172917,0.245276,51.433731,{A7D5A79D-0018-402C-AFDB-87401F3642A2},57308.8677406835,72725607.8161657
130,E07000108,Dover,628964,150942,1.2768871,51.211761,{A39FA257-DFE5-4AED-8D25-ECE242C6316B},148158.331321105,315337913.661775
131,E07000109,Gravesham,566969,169114,0.39874399,51.396488,{A13E3030-9467-4267-89B1-A1E28BDB3F9E},60514.4099095587,98991343.5058171
132,E07000110,Maidstone,580489,151670,0.58406103,51.235661,{C5F64941-D373-4453-A23E-352E00414697},122978.78174292,393329500.961561
133,E07000111,Sevenoaks,552776,155218,0.188936,51.275631,{EF946B11-4F0D-4315-B069-D04FB7FBA057},134424.857442803,370347002.873006
134,E07000112,Folkestone and Hythe,610318,134595,1.000795,51.072128,{C4382414-5B47-456A-8454-3E0F2D3A55B9},148967.53012936,356921043.861569
135,E07000113,Swale,593583,161818,0.77689302,51.32251,{C9E5E6EF-66BA-4CB0-9F42-1B3475C2B6DA},347821.500066028,373436674.22482
136,E07000114,Thanet,631839,166752,1.328226,51.35252,{0F3FA4EF-E553-48C1-BA9B-DA3617B1CB70},65350.7439188692,103609166.227644
137,E07000115,Tonbridge and Malling,564014,153898,0.34930599,51.260639,{52D9158C-CB7A-475E-866D-C3217B3C79EA},133207.598464157,240114170.735229
138,E07000116,Tunbridge Wells,573139,136599,0.471632,51.102539,{8921ECD3-5D4E-432E-B911-72BDD89B7915},150582.555352952,331328785.658416
139,E07000117,Burnley,384886,430882,-2.2307999,53.774059,{4CB4C231-FC7D-4183-8E8C-B3B4C148F46E},57758.3849479257,110683988.566855
140,E07000118,Chorley,359189,419724,-2.61921,53.672401,{379D99AB-009D-41F4-B945-BB7CDB5BE647},114512.346233295,202762183.401761
141,E07000119,Fylde,339554,433811,-2.9191401,53.797089,{CE720C8C-389C-4DF7-ACEB-33F7E904C95F},138362.744300761,165697311.171002
142,E07000120,Hyndburn,374407,428971,-2.3896401,53.756481,{0922D47D-4643-4DEF-AB6E-91371B8CC962},42725.5895458216,73006531.994888
143,E07000121,Lancaster,356896,464988,-2.6603,54.07901,{2219BEFC-9CB6-4A2F-933E-0B9956AD6614},345316.924214593,566931388.428257
144,E07000122,Pendle,387637,443368,-2.18957,53.88636,{C125FA4D-91B8-4DFE-8DF7-CB8193538B30},79240.7874487148,169380123.604626
145,E07000123,Preston,352825,436432,-2.7180901,53.822021,{B72F2585-607F-40B6-8002-8B04CFB7C26E},82800.2153872616,142284174.214733
146,E07000124,Ribble Valley,372687,447676,-2.4173999,53.9245,{202712A8-F5DC-4BA9-87D9-2757C536EAB5},150567.848726776,584462410.815407
147,E07000125,Rossendale,382827,420955,-2.2614901,53.68478,{80C76ADD-DB4D-4FB4-915E-AC4E3853C4C8},71146.5805886303,138040945.395571
148,E07000126,South Ribble,352017,425840,-2.7287099,53.726749,{83E431E7-A541-44D5-AD6B-7DBCD3912A1B},105349.841184343,113141836.473913
149,E07000127,West Lancashire,342611,413270,-2.8689301,53.612831,{AF6D93DD-8526-42CF-8388-175A2A9573E2},227318.107045887,346632972.355353
150,E07000128,Wyre,347295,445159,-2.8035901,53.89991,{0CC6B693-A021-4F55-BBFC-EB22877AD484},212915.423835106,282164343.394403
151,E07000129,Blaby,454385,297994,-1.1988699,52.577061,{E4CC3468-37FC-4173-AC3E-AF1BE0C920BF},100814.853323911,130468683.748439
152,E07000130,Charnwood,458365,316155,-1.13694,52.739899,{E9E47B42-F9E8-4E04-A9B9-72515D36779D},115467.998574257,279042271.32713
153,E07000131,Harborough,474549,293875,-0.90228999,52.537659,{E2C0D5F1-97CB-4107-BEFF-71F7B631B197},185943.110691819,592692009.022854
154,E07000132,Hinckley and Bosworth,439538,301379,-1.41755,52.608768,{1902968A-0D97-477D-9881-6C7A63000161},111542.038513824,297351522.794514
155,E07000133,Melton,477328,323472,-0.85439998,52.803291,{6E44E494-9481-4417-ABCB-4912866E187E},140624.572169109,481380450.704316
156,E07000134,North West Leicestershire,439111,316252,-1.4220901,52.7425,{6C16AECB-780F-4785-9D21-B1C0A472E79B},116450.135016811,279328099.663439
157,E07000135,Oadby and Wigston,461543,299379,-1.0930001,52.588749,{21E90940-2F9F-4F89-9F29-4B05E8EE7A44},31168.1447108195,23526168.5617815
158,E07000136,Boston,526851,343953,-0.11218,52.97794,{6691AC01-37D4-4188-9388-BF17DF6C94EC},440528.310686107,364008556.760736
159,E07000137,East Lindsey,534861,376064,0.020516001,53.264462,{191B0962-F0E4-4815-A738-64C4B755A40F},373174.569529617,1766773262.65212
160,E07000138,Lincoln,496347,370096,-0.55848002,53.219212,{19BAD011-4022-4B7D-A4A1-2F9350329D51},32968.7309952948,35690262.1729265
161,E07000139,North Kesteven,502135,354788,-0.47670001,53.080582,{04D2D871-31C6-43E8-96F3-8282822EB5A7},181805.062441591,922471413.921003
162,E07000140,South Holland,532910,322928,-0.03057,52.787579,{23536443-EE4C-467F-93EC-8C368FEAA43F},438381.959989776,750076203.588011
163,E07000141,South Kesteven,501406,328986,-0.49564999,52.84885,{994CC04C-E7B7-4DFF-8720-37CDCF58B93D},209809.642173754,942585741.048717
164,E07000142,West Lindsey,499314,390326,-0.50774002,53.40044,{7927ECDF-B5AD-4224-8E48-188C1366527C},249626.336213679,1155731948.82581
165,E07000143,Breckland,591015,303330,0.81871599,52.594212,{8605AEEE-B160-4632-AAAA-AB9F23C7EB33},239522.366983952,1305116636.28049
166,E07000144,Broadland,619864,315909,1.252317,52.69622,{5667A134-BBF3-43B8-9871-A115347A08CE},219123.105970655,552060685.63854
167,E07000145,Great Yarmouth,646761,315881,1.64951,52.684391,{03521F34-3748-45FB-A58B-2089401CC3EA},145906.026155805,174314084.184731
168,E07000146,King's Lynn and West Norfolk,571219,315805,0.533243,52.71283,{518820B1-2463-484C-858B-126CA89D997D},695918.20873676,1439522848.03418
169,E07000147,North Norfolk,611076,330857,1.132099,52.833889,{17052781-5009-42CF-8B82-26D055DD1BF0},600209.779617572,967553276.527529
170,E07000148,Norwich,622355,309773,1.284979,52.640129,{E6F19622-D56A-4228-BD9E-30E110F8382F},52684.4387944124,39021876.9658415
171,E07000149,South Norfolk,628990,295823,1.373233,52.51218,{CA9D6426-E5C3-44F4-B3A4-B70513B4D152},266869.497485678,907576576.146174
172,E07000163,Craven,389513,461989,-2.16168,54.053761,{FABF1DEF-34B6-4B46-9779-7F578A7CAEE5},199881.375346452,1178807535.35562
173,E07000164,Hambleton,443009,490546,-1.34049,54.30872,{E3C6A682-C157-4711-9F12-572DB4D1D2AA},298682.454054928,1311256293.98625
174,E07000165,Harrogate,427473,464652,-1.58161,54.07708,{28929CC3-A00A-4440-A880-7C4BC97B43B3},246981.310508244,1309117875.80086
175,E07000166,Richmondshire,401039,495786,-1.98552,54.357609,{3FCE82C6-6404-463D-B192-9E1BAD778749},221692.587160329,1318702662.09829
176,E07000167,Ryedale,474645,478532,-0.85734999,54.197128,{CA2B6780-881C-4E0E-AF63-0CF8064F9350},288295.509029856,1576037780.3974
177,E07000168,Scarborough,487119,504929,-0.65851003,54.432339,{5EA0475B-CF43-451C-887E-974A637FFE56},232237.417120354,746734201.120827
178,E07000169,Selby,457551,426670,-1.1290801,53.733269,{B4188390-AB28-4A41-A625-8DB13B1F65A3},264845.034329299,599315573.923645
179,E07000170,Ashfield,450035,355843,-1.25422,53.097469,{FB1C950F-81F6-4A45-ABBC-6C5F931F3B41},69168.0549787648,109557954.123823
180,E07000171,Bassetlaw,468073,384835,-0.97869998,53.356041,{BF250791-0265-460B-9FF3-F107931CEA0A},159728.455054285,637803606.424834
181,E07000172,Broxtowe,449829,341893,-1.2594399,52.972099,{100E3573-231B-486D-A5AB-37918A605271},65996.6218856488,80098843.9171336
182,E07000173,Gedling,459184,347811,-1.1190701,53.024342,{8AE7D409-303F-48B5-9100-78FA71B50D1D},69750.8310113413,119981502.245994
183,E07000174,Mansfield,455047,363637,-1.17804,53.16703,{19796E7F-44E6-41D3-B83C-0B5C0EDCD481},51089.9016277907,76696927.4927333
184,E07000175,Newark and Sherwood,470624,357451,-0.94643003,53.1096,{95A662B9-93BB-4B30-824C-9AF14291751C},187413.7482207,651340476.37053
185,E07000176,Rushcliffe,466606,335453,-1.01097,52.912399,{1AA7A8BA-A966-4E55-A0E3-683BA62E2413},123321.322043074,409231546.467434
186,E07000177,Cherwell,449301,221201,-1.28506,51.887199,{4567B506-1751-42EF-B286-A1CC17AA3C38},225617.39516414,588745404.830571
187,E07000178,Oxford,452277,206368,-1.24405,51.753571,{CC916576-051E-4217-8FC9-8DD62970768F},34993.844626057,45602825.5071329
188,E07000179,South Oxfordshire,463890,191964,-1.07847,51.622879,{2ABDCF1C-0F5A-4D3A-8912-F9E1AF29693D},205550.098477863,678492168.086991
189,E07000180,Vale of White Horse,435693,195197,-1.48543,51.65443,{39F6611E-9B2C-4506-8C0F-4A056FF741C1},176033.370660927,578679719.457616
190,E07000181,West Oxfordshire,434343,215816,-1.50292,51.839901,{4C9DBE4B-D4A5-4D8A-82B7-E09433B1FEB8},160237.256592195,714422037.287567
191,E07000187,Mendip,362238,144090,-2.54178,51.194759,{A517CB29-B110-45C4-B92E-3EABAE7650B4},198844.392404698,739435455.841386
192,E07000188,Sedgemoor,338429,143998,-2.8824601,51.19186,{1E83DAF9-1AA7-4F76-AC75-A329D62686B9},258005.444665784,564223822.301798
193,E07000189,South Somerset,345633,120798,-2.7758801,50.98399,{9391C1B2-69E2-40C0-97B8-40E38E788F7E},241548.032961481,959053025.863514
194,E07000192,Cannock Chase,401261,311553,-1.98277,52.70166,{08F897D5-F639-400B-AF56-A595D7B01833},50125.8394489736,78882578.3520859
195,E07000193,East Staffordshire,412601,326569,-1.81438,52.83651,{7CE24ED9-4E0E-446F-964E-2D878B610DE7},183691.288895756,389987122.842961
196,E07000194,Lichfield,416283,310967,-1.7604899,52.696152,{9ED1C9F5-36A4-40B6-AE7B-3DFE3F67ABD5},127463.170739767,331294321.205449
197,E07000195,Newcastle-under-Lyme,378199,345174,-2.3263099,53.003448,{BB811A87-23B5-4589-BF85-B81F133B2359},108251.653778863,210957295.971413
198,E07000196,South Staffordshire,389625,311037,-2.1549499,52.696918,{308CA3A8-848B-4A3C-9B59-84DE394B7B9E},184884.661607311,407322353.328188
199,E07000197,Stafford,389001,327836,-2.1647501,52.847919,{C0DED0A8-4E1F-40DC-96F9-BD9822E30763},159072.547255001,598172189.401383
200,E07000198,Staffordshire Moorlands,400543,352443,-1.99334,53.069241,{9781D7B7-88B4-4B97-8848-A456FA6D66E8},152441.966463739,575849809.00905
201,E07000199,Tamworth,421455,302550,-1.68451,52.620312,{C425EE49-21BF-469F-AF10-B2A8C2CDF35A},30729.4523914775,30850724.0119237
202,E07000200,Babergh,599987,244692,0.91614902,52.064499,{7C7B71E6-86B9-46BE-AB31-794631DFEEBD},210443.312612023,595116582.503405
203,E07000202,Ipswich,617161,244456,1.166145,52.05592,{49B29361-94A3-4646-887B-042FFDFBC8F5},45341.4965410639,39509771.436108
204,E07000203,Mid Suffolk,611646,262338,1.096953,52.21859,{A20BEB96-38E9-4D90-8B44-B633A8BED841},191151.730303906,871070710.020504
205,E07000207,Elmbridge,511882,163658,-0.39441001,51.360981,{0CDD3E5E-A62B-490C-8892-19D16AFDDE90},52204.4385998147,96334273.0767884
206,E07000208,Epsom and Ewell,521176,161475,-0.26172,51.339451,{336E7823-F6BA-4AAB-BBE5-49FFA0E26990},28503.8092975754,34079154.5370545
207,E07000209,Guildford,500408,151481,-0.56256998,51.253658,{811B5738-4739-4250-88E6-20C3DC9B4850},128412.382018559,270931144.020898
208,E07000210,Mole Valley,518377,148953,-0.30603001,51.227489,{053B874F-EBDD-4A84-9AB0-73FF643D6D38},105397.031980434,258321090.604305
209,E07000211,Reigate and Banstead,525786,152574,-0.19870999,51.258461,{BB08349D-9342-4778-8F98-60E01CCCC054},79917.0905767467,129143817.748342
210,E07000212,Runnymede,501777,166979,-0.53855002,51.392731,{3D2FEB35-2F95-4A77-9B7B-89D85549F3EB},45677.007524902,78040680.6398179
211,E07000213,Spelthorne,507012,169622,-0.46254,51.41552,{B1A89B28-7881-426A-B878-043D213005CB},44131.1428612106,51161350.4100232
212,E07000214,Surrey Heath,491362,160483,-0.68985999,51.336102,{EDFF2556-3137-466A-89DE-C5F2E31575FE},53557.764578556,95092963.0003577
213,E07000215,Tandridge,536365,150325,-0.048050001,51.235809,{59193A3B-B1E1-4504-AE50-D5227CFE2DBB},83131.8930481928,248194582.981034
214,E07000216,Waverley,496363,140635,-0.62343001,51.15686,{0002AABB-D934-435C-BBD9-54CFAEFCCD96},125428.597835175,345170238.491057
215,E07000217,Woking,499087,157542,-0.57981998,51.308369,{43C645A1-4503-4BA8-A043-60D60EF00973},54780.2122292832,63603608.2943376
216,E07000218,North Warwickshire,425570,296399,-1.6242,52.564838,{D4C5BD16-EB97-46C8-9AFE-FB759D989C49},113228.857831829,284261518.649054
217,E07000219,Nuneaton and Bedworth,435419,289352,-1.47965,52.500938,{74F7C0AD-F34C-4B85-AA51-58D27D485E5C},48147.0588079888,78950267.1657507
218,E07000220,Rugby,446498,276244,-1.31828,52.382278,{78894858-E024-465B-B1F6-DC976671F74E},115087.243633919,353557317.712628
219,E07000221,Stratford-on-Avon,425019,251536,-1.63565,52.161541,{5F589786-C711-4810-9637-5EA237F38E9C},261369.031234586,977869032.993451
220,E07000222,Warwick,428484,267113,-1.58369,52.301418,{A5C13E82-5C61-4CFC-9259-995AA39A4707},116714.078810518,282882324.59023
221,E07000223,Adur,518076,106472,-0.32416999,50.845718,{17154381-5BCC-4EFD-B669-ED31BFBD96DB},60515.2393173461,42065500.7970583
222,E07000224,Arun,495144,105723,-0.64999002,50.843208,{0BB2F825-3CD9-4B74-96BC-C2C8505A436E},156496.558931362,220991208.823485
223,E07000225,Chichester,490285,116600,-0.71630001,50.941769,{21034C80-16AA-4951-B8F9-6717C110E47E},297267.271791171,786194915.211206
224,E07000226,Crawley,526390,137581,-0.19532999,51.123569,{3BD07F77-8378-42F9-8180-B2ACD4B50F16},38798.5820994218,44971227.3987444
225,E07000227,Horsham,513674,123840,-0.38126001,51.00272,{2146D0FC-FD85-4D48-B664-155A5C05DC63},215754.884714147,530278329.223099
226,E07000228,Mid Sussex,533054,130623,-0.10272,51.059528,{E05F2FAA-A81C-423E-AFF3-5351F66D52C3},132901.26791811,334029216.736203
227,E07000229,Worthing,512679,104948,-0.40127,50.833099,{DABD4331-07C2-4928-AC99-867418DEEA5D},29461.7156766559,32521006.0149979
228,E07000234,Bromsgrove,399840,273736,-2.0037601,52.361691,{135154FA-9D99-423B-9C3A-A2FCB0CC078A},113128.333688222,216968441.120776
229,E07000235,Malvern Hills,377465,252197,-2.3308899,52.16758,{7FDD616E-8A9A-4795-B75C-3B6A83009F47},230594.571309953,577070951.886245
230,E07000236,Redditch,403705,265253,-1.9471,52.285412,{C3C0F841-0318-4EA1-AAC5-600C8EC79072},41300.3373143932,54250908.2602637
231,E07000237,Worcester,385725,255196,-2.2102499,52.19482,{83812BCB-CC6B-45EA-896B-AF5D07E7B919},31261.2304343563,33278111.1237198
232,E07000238,Wychavon,398991,247839,-2.01614,52.12886,{C9924E80-A7AB-4CE9-9B1C-E0289CA0A5AB},219510.915753207,663542007.469118
233,E07000239,Wyre Forest,384106,276388,-2.2349401,52.3853,{F6A2498D-A584-4DCC-9882-AA6A08B9726F},100861.152767908,195403730.262189
234,E07000240,St Albans,514580,209623,-0.3407,51.77356,{0F37C5CB-9047-440F-8081-0539A2E275B0},72941.6954485127,161205788.992178
235,E07000241,Welwyn Hatfield,525345,208467,-0.18517999,51.760872,{CD5CF300-C3B3-4597-BC7A-499F1FCFA337},82383.3616268959,129536962.915247
236,E07000242,East Hertfordshire,537995,220370,0.0027389999,51.864849,{F716A73D-BBAE-4C16-911D-95D8B3051F61},135178.027176787,475669142.173311
237,E07000243,Stevenage,524622,224531,-0.18987,51.905392,{E629C31F-8882-40DB-8102-4B97DFFFE2F5},28585.161430964,25969247.2625533
238,E07000244,East Suffolk,636043,266272,1.4561861,52.243992,{A1407B3F-4923-4C92-8518-85DE5FAD2388},584784.814429035,1260989522.05184
239,E07000245,West Suffolk,580944,271124,0.65276903,52.308418,{C5C97EAC-BB41-43BD-A20B-AEC1D1C5D61F},274539.879009979,1034675737.77463
240,E07000246,Somerset West and Taunton,304961,130227,-3.35764,51.06348,{0B8E5F5F-7A0E-42B0-8FC4-3929A6A66149},288889.20672284,1189066301.14151
241,E08000001,Bolton,368352,409873,-2.4795201,53.584492,{8AA91F9F-B678-485C-BEEC-5366958AD560},82643.5197746866,139792040.674584
242,E08000002,Bury,379658,410768,-2.3088,53.593102,{3B4B6FA9-EB70-42C3-AD3F-888400CF9D9E},68535.7621537224,99460098.0884511
243,E08000003,Manchester,384591,397063,-2.2335899,53.470089,{BF00E6B3-BBE8-4843-88EC-F443E3A2F8D4},86841.9510631882,115648443.589943
244,E08000004,Oldham,396603,406784,-2.0527401,53.557678,{BF7A68F4-9640-4704-9594-7A5A48FF33E1},71145.2166053479,142344867.617202
245,E08000005,Rochdale,390315,412326,-2.14784,53.60741,{588DBC0C-ED4B-4912-9944-4465D7C70CAE},82706.3709034793,158128218.886515
246,E08000006,Salford,374556,398128,-2.38485,53.479271,{29C2FF0B-11B6-4206-83F4-85BC8A513648},63262.7594028189,97197259.6334312
247,E08000007,Stockport,391806,388264,-2.12467,53.391159,{41FFA7C2-9AD0-48AE-8C22-2747D303AD58},73631.0890907972,126040348.489412
248,E08000008,Tameside,394987,397995,-2.0769999,53.478668,{A0BC26D5-05D7-410F-A0D3-AD14537641A0},55973.0550571155,103154247.722568
249,E08000009,Trafford,375790,391162,-2.36572,53.41671,{1F32E5CA-B02D-4D4C-B02B-5907EF1B9CDC},60714.9991313481,106044604.786096
250,E08000010,Wigan,362136,402125,-2.5724699,53.514439,{7BE1C34D-14C5-4BFD-B098-5D5644BF608F},88682.4116794716,188171014.795668
251,E08000011,Knowsley,344762,393778,-2.8329699,53.437881,{783CDCD8-4C19-47F2-9439-2DF8086C1762},68163.8832839652,86500031.7271365
252,E08000012,Liverpool,339361,390553,-2.91364,53.408298,{3119F08C-9584-4374-9DDA-CEECFF8F8FE0},62696.5993588288,111835593.626398
253,E08000013,St. Helens,353412,395992,-2.7031,53.458618,{264E7DA3-2809-4F44-BFA3-2E004E688F16},76379.8122163683,136358780.853151
254,E08000014,Sefton,334282,398832,-2.99177,53.482101,{93ACABDA-17F0-4DFA-807E-CC3571173950},130341.257310848,156578258.791751
255,E08000015,Wirral,329110,386965,-3.0670099,53.374779,{7EE9E903-4026-4DAF-8C33-AE80A5984F67},133924.121231149,160922004.90767
256,E08000016,Barnsley,429979,403327,-1.54925,53.525768,{59C6E426-D43F-41D1-97FF-4CA795036C39},126418.480693043,329077576.744516
257,E08000017,Doncaster,459167,403735,-1.10894,53.52697,{AE18A485-124C-4FD5-A54D-0BF0C8745DD5},171113.01000679,568006431.216955
258,E08000018,Rotherham,447542,388980,-1.28651,53.395531,{050B99F4-6C05-469F-9CC7-FE93F03237D5},106146.658844867,286534378.866634
259,E08000019,Sheffield,430511,389736,-1.54254,53.40358,{B212D72B-C922-421F-AFBC-1A9849702E77},132824.242952115,367929997.213249
260,E08000021,Newcastle upon Tyne,422287,569661,-1.65297,55.021,{D22E9ED8-6819-45C3-ABC8-7D64F1906EBE},65213.8280471216,113451801.242881
261,E08000022,North Tyneside,431471,570602,-1.50923,55.028961,{AD842797-8166-4684-9EA0-52D6A3ED3BFD},65595.8023921871,82300621.145153
262,E08000023,South Tyneside,435514,564057,-1.44679,54.969879,{A398A7AF-8AE1-414E-AFB5-2464402B9F36},51335.017160638,64420334.6032377
263,E08000024,Sunderland,436470,551524,-1.43344,54.857189,{615E4498-603D-4064-90F5-B97E0463BE25},99821.969044894,137436290.144773
264,E08000025,Birmingham,408150,287352,-1.88141,52.484039,{04C607E7-0718-438B-843A-3D29F22BD434},106250.794014248,267791151.739619
265,E08000026,Coventry,432807,279689,-1.51908,52.41423,{842E34E6-0E09-4800-B8BC-865C6B33A0CD},54052.4494128152,98639088.6565498
266,E08000027,Dudley,393191,288584,-2.1017101,52.495129,{C52F95E0-F529-4879-AA86-10CA14F46735},75372.2907122195,97958229.5149353
267,E08000028,Sandwell,399573,290764,-2.00771,52.514771,{5181D5C5-8E0D-4A74-B6AB-3E34B57CC21B},59201.6852450066,85558906.1848727
268,E08000029,Solihull,419434,281483,-1.71558,52.431,{A1C6FE1B-C157-41A0-8AEC-F791D5219E83},101023.266819082,178282023.161129
269,E08000030,Walsall,402098,300804,-1.97044,52.60503,{3DA83991-33B8-4A8C-B37B-21D9410DF279},59399.7390444175,103973530.000831
270,E08000031,Wolverhampton,391463,300016,-2.12746,52.597881,{F276B367-75BD-4312-940F-7E5708AFFF38},56050.1278266088,69436685.126745
271,E08000032,Bradford,408395,438626,-1.87389,53.843819,{A430004B-B70F-4A22-85D9-43C2E7AD4D59},135914.965732404,366419689.514742
272,E08000033,Calderdale,402617,424896,-1.96182,53.720482,{6D5AC278-5E77-41FD-A188-9704823414F6},107684.893783348,363960946.597264
273,E08000034,Kirklees,414586,416223,-1.7808501,53.64233,{69FE0058-44AB-4B80-A8B0-12B2B3BD3EE5},125665.908370182,408551667.407126
274,E08000035,Leeds,432528,436384,-1.50736,53.822731,{4E4D7F4C-1400-4D5B-8EA4-718649B8FA38},161516.600530211,551706498.093345
275,E08000036,Wakefield,438366,418235,-1.42092,53.659222,{4E8F1916-44B7-4D32-A64A-C153CF02BFCC},109444.438663069,338619719.483596
276,E08000037,Gateshead,420158,559652,-1.68696,54.931149,{0F8FC9FA-5670-4F7E-95F9-48637E4FC6AF},90175.8152669964,142339149.240472
277,E09000001,City of London,532381,181359,-0.093529999,51.515652,{7BBFFD6F-26C7-4513-8082-F004EDEA84F6},9377.81467502521,2890318.44388222
278,E09000002,Barking and Dagenham,547757,185111,0.12947901,51.545551,{8D399031-4280-4753-A321-2EC1F8A2C8BE},40898.4282753647,36101455.4190955
279,E09000003,Barnet,523472,191753,-0.21821,51.61108,{B618C756-7E3D-46B4-B1F0-30F418A38C94},50815.597517739,86748227.8830847
280,E09000004,Bexley,549202,175434,0.146212,51.458221,{2C231B73-75E2-4C4C-B42E-B9D47CF12523},47931.4230818982,60578408.1247717
281,E09000005,Brent,519615,186468,-0.27568001,51.564411,{16FC32FB-DF43-4EB1-BAD4-DF76F6A2C9F6},38331.0017512769,43232684.1275814
282,E09000006,Bromley,542036,165708,0.039246,51.372669,{99CE8870-83E4-408F-B130-8E1D430EFF08},76141.6277070387,150130427.159217
283,E09000007,Camden,527492,184284,-0.16289,51.54306,{42ECCE98-604E-4AF1-9C1E-EEC9FE52F8E4},26149.495598481,21789308.5952668
284,E09000008,Croydon,533922,164745,-0.077610001,51.365978,{43452706-09CD-47C6-9456-0794BBAE66AA},58688.2842361554,86496808.3292477
285,E09000009,Ealing,517057,181960,-0.31406999,51.524429,{AB232FBF-B4E8-4E10-80D5-C5284B7583B0},47432.5829098616,55544376.0321627
286,E09000010,Enfield,532829,196197,-0.081469998,51.64888,{D4C3D53A-FDDE-48E1-84DE-E7C59A1FA1CD},41061.1111768429,82200174.2971125
287,E09000011,Greenwich,542507,175879,0.050092999,51.46394,{032AA1F7-585C-4802-B6BC-44668AEFD0C0},47566.9752848355,47307031.4330752
288,E09000012,Hackney,534560,185787,-0.060449999,51.55492,{16593EC3-8300-46CA-8CD0-CABA4FCFB4E2},25374.028868182,19046912.9774281
289,E09000013,Hammersmith and Fulham,523867,177993,-0.21735001,51.487331,{936C2AF3-61E3-4784-BE7B-52EDBC09035D},23966.1399241039,16403545.8967928
290,E09000014,Haringey,531262,189349,-0.10667,51.587711,{1D577464-EB5F-420D-8817-00F698248CA0},29011.100205627,29598417.6467309
291,E09000015,Harrow,515356,189736,-0.33603001,51.594669,{19696C09-C8A1-4A92-9997-3DE6721451A8},33734.6081061469,50463307.3829094
292,E09000016,Havering,555032,187514,0.235368,51.565189,{F40A4793-4C17-4C49-A276-8F77F7142CD9},63706.9860246866,112341328.142713
293,E09000017,Hillingdon,508166,183120,-0.44182,51.536629,{3CC14D40-02E3-4673-9A36-4268C7366663},63883.1561402852,115700600.04995
294,E09000018,Hounslow,512742,174965,-0.37847,51.462429,{DB8C2D88-9176-40FF-A908-C7CFC15E58C7},64471.2436618718,55970470.8642354
295,E09000019,Islington,531158,184647,-0.10992,51.545479,{5179FD07-C638-4E28-9707-E015426DA829},20720.1949694478,14856680.6578682
296,E09000020,Kensington and Chelsea,525757,179053,-0.18976,51.496441,{DA1E5792-99A6-4AE3-87F7-42DF074B6775},20963.4584035467,12125528.5327972
297,E09000021,Kingston upon Thames,519508,167389,-0.28367001,51.39296,{B2D3E246-A706-4A68-B4D4-CA38F907C411},37527.9493942753,37265392.9153298
298,E09000022,Lambeth,531117,175629,-0.11386,51.464451,{3DE72969-ACB4-4694-BB42-960DCB625817},33999.8604751881,26807914.5197068
299,E09000023,Lewisham,537889,173344,-0.01733,51.44231,{09D0BD9F-18F4-4131-9344-EE6CBF0A95B8},41158.0294216116,35148365.9241417
300,E09000024,Merton,526069,169507,-0.18866999,51.410568,{714D2991-1561-49AE-B64F-D6F33D651312},32340.3771201137,37624746.5277877
301,E09000025,Newham,540714,183344,0.027275,51.531471,{BA08F473-D135-4C52-9C02-37EF8408E5AC},35772.3133095239,36198118.0373118
302,E09000026,Redbridge,543512,189477,0.070084997,51.58588,{E44E70F6-43E0-4425-A8B4-E278A6B2F8B9},50426.1191048434,56403472.4249813
303,E09000027,Richmond upon Thames,519005,172650,-0.28913999,51.44035,{67B858F4-3C58-4392-A376-6C4B767DF2C9},68787.7012682714,57393447.9806505
304,E09000028,Southwark,533945,175863,-0.073090002,51.465889,{6B4AE29E-427B-497E-B188-5BE2717FEF20},34570.9765509178,28876525.9298021
305,E09000029,Sutton,527356,163640,-0.17227,51.357559,{53F65845-4AF6-4030-81E1-E7C619F29A52},39804.2153145853,43842789.9621698
306,E09000030,Tower Hamlets,536340,181452,-0.03647,51.515541,{3E5D5B9F-C649-47C8-956D-E175666AEA6C},28746.8910481567,19770856.7998243
307,E09000031,Waltham Forest,537327,190277,-0.01881,51.594608,{770CE5AA-7B1F-4731-83F2-DFD897379557},33326.6907765963,38807995.9514475
308,E09000032,Wandsworth,525151,174138,-0.20023,51.4524,{BFD8A606-3DF0-4800-960A-7E991735E311},38789.7703657056,34257039.1977616
309,E09000033,Westminster,528268,180870,-0.15295,51.512199,{61638FA9-99C5-4343-938F-6258C2A4C65C},27425.6050038667,21477144.2530702
310,N09000001,Antrim and Newtownabbey,130813,541285,-6.1775999,54.693859,{3033A8B9-5A43-4194-9495-7E788B94AE77},165066.961090158,728186534.011934
311,N09000002,"Armagh City, Banbridge and Craigavon",112110,508158,-6.4345498,54.3867,{ECAA3387-C6EE-4701-9446-B8D99A2A9252},242954.33539518,1437068573.07739
312,N09000003,Belfast,146465,529747,-5.9253502,54.59853,{BC1623A7-BFB9-45C7-87DA-DD70345D4A23},65866.7852260915,137716652.025126
313,N09000004,Causeway Coast and Glens,106168,581420,-6.5995998,55.039619,{9F6ABAB2-47EF-4494-9E33-BAE31DBB19E1},381026.183879142,1985534670.71754
314,N09000005,Derry City and Strabane,51779,559566,-7.42064,54.80904,{CE381543-8F75-48A4-953F-D11B81B4F0AE},271397.40327128,1251241580.22694
315,N09000006,Fermanagh and Omagh,41233,513013,-7.5271001,54.385208,{AA33B60A-C7CC-4912-9BAB-B32DAC4C81AD},426437.771573501,3012114892.36428
316,N09000007,Lisburn and Castlereagh,138712,518920,-6.03545,54.49752,{06B26359-73EF-4C9C-9E3B-18C4F5433FCC},167278.148593367,510438048.320823
317,N09000008,Mid and East Antrim,133943,560151,-6.14645,54.86462,{95257F5E-8EDE-485D-840A-A70E75D4599E},234604.730290035,1061355460.9347
318,N09000009,Mid Ulster,83920,528564,-6.8888998,54.552731,{EA2CBB1A-791A-47E9-99C5-E05A8EA0B750},318306.174447412,1957293776.36256
319,N09000010,"Newry, Mourne and Down",133006,480432,-6.0889101,54.149529,{84EDDAC7-4F85-4CAB-985B-636E57280BF3},379481.254915994,1682340596.67164
320,N09000011,Ards and North Down,164321,524944,-5.64568,54.564091,{249773BE-F135-44C6-9D90-EB19E1B4D6E2},203349.301102072,566472991.274782
321,S12000005,Clackmannanshire,291178,696402,-3.75316,56.147839,{51996785-8571-4E55-8EA0-FB19833DBB31},96933.0750418425,159184968.765814
322,S12000006,Dumfries and Galloway,270645,579856,-4.0286298,55.09621,{1B09C836-896E-48C9-AFCC-B61C553E5A84},1207329.63196207,6436567213.92715
323,S12000008,East Ayrshire,255398,624935,-4.2905698,55.496738,{29D1D72A-463B-44B3-83A7-E09E7AE18669},341126.501410665,1270345623.57336
324,S12000010,East Lothian,354854,672351,-2.72435,55.94207,{1695968E-4270-4321-A819-3C190F6F5952},202120.828124236,679240459.691924
325,S12000011,East Renfrewshire,251930,653115,-4.36058,55.74868,{A312A572-1911-48D4-A323-DFDF46BB345F},93982.4588278511,174247286.301195
326,S12000013,Na h-Eileanan Siar,126473,932862,-6.6572199,58.199379,{7CE78A20-FF15-4252-B9C2-3454F50C128C},3871025.95969536,3096614423.02571
327,S12000014,Falkirk,285585,680170,-3.83619,56.000771,{064E89C7-63F1-4F4B-A020-209D94702BA7},169016.307883954,297137422.787937
328,S12000017,Highland,241018,858292,-4.6610298,57.586571,{C3CC7EAC-5257-4211-B53A-51CD1395D89F},5228318.65637753,26158740580.2152
329,S12000018,Inverclyde,227922,670894,-4.75387,55.900299,{C25E9D35-BDB4-41CB-B524-B3A6E0FFEAFB},79316.9463659011,161948610.940609
330,S12000019,Midlothian,330088,659217,-3.1173799,55.82111,{29BA3547-F3D9-4828-B57E-FCE045A8C1F3},126464.604454531,355272051.80806
331,S12000020,Moray,328015,843590,-3.2020199,57.476799,{12FCC944-3926-4382-9A90-4C7369BE8590},463319.000621917,2237555713.50108
332,S12000021,North Ayrshire,228996,651640,-4.7245998,55.72789,{CBF0E662-EB75-4EC6-A0FB-1F3EC8A7BD8C},350191.827776376,885284482.722647
333,S12000023,Orkney Islands,348293,1006584,-2.90025,58.94334,{947AB190-9ADC-4FCD-9E7A-48E881208B4B},1203102.77977175,1015036066.02561
334,S12000026,Scottish Borders,345889,626137,-2.85869,55.525951,{61CFB962-8961-4DA0-9E74-77EA3472BCE2},514368.510110612,4739166535.67976
335,S12000027,Shetland Islands,434516,1180307,-1.37344,60.504951,{682ADA0C-0C60-4939-8B2A-40771FE0CE9B},2321846.76573869,1468514139.08489
336,S12000028,South Ayrshire,226545,596271,-4.7289901,55.23008,{D4390335-63B3-41CA-8C9F-E89CF039159F},334928.359876578,1224367576.00667
337,S12000029,South Lanarkshire,284634,636071,-3.83272,55.60453,{1B6B8D0D-B261-47EF-A475-F333BD722B28},284613.856630701,1773890203.27615
338,S12000030,Stirling,255980,708769,-4.3259501,56.249531,{E95D0955-8A51-4208-AFCD-0348E91E5EBA},374959.25805914,2252534182.2755
339,S12000033,Aberdeen City,387763,808479,-2.20398,57.166969,{6A4DB2B9-8565-4569-AA0B-030E565DCE18},123488.100794581,185571286.38894
340,S12000034,Aberdeenshire,352284,816277,-2.7920799,57.234692,{C88997FC-DEC3-42D9-94E9-E2BBA9022C91},795098.949301958,6318005998.97878
341,S12000035,Argyll and Bute,200740,715443,-5.2211399,56.28944,{64D3A959-DB81-4985-9FD3-A9CD7FF2416E},3795934.41243693,7005856181.79589
342,S12000036,City of Edinburgh,320193,669417,-3.27826,55.911201,{49D424FE-C1BE-4EAB-8ABB-D10301D4FBD9},110355.561123041,263395003.679418
343,S12000038,Renfrewshire,239305,664698,-4.5683398,55.848621,{13EF1F72-97D4-4FC6-8EBD-24560BF6652A},131745.446686221,261490836.762016
344,S12000039,West Dunbartonshire,242904,681586,-4.52074,56.0014,{1495BB1C-02AB-4BDB-AF43-E92F1B0CE035},103710.998122334,177319583.184423
345,S12000040,West Lothian,299483,668514,-3.6090901,55.8992,{B041E834-7B04-4E78-838F-71BD94F1C581},134930.310291464,428769481.686767
346,S12000041,Angus,345506,759636,-2.8921001,56.725182,{46EAE929-6C8C-4CA7-AF29-989B6C2EDEAF},328940.561902964,2184982978.688
347,S12000042,Dundee City,340291,732145,-2.9709499,56.4776,{A47DFA4C-F54C-4F5F-8A23-E21F07BF4340},47831.2069158876,59800679.9762305
348,S12000045,East Dunbartonshire,261240,676154,-4.2241702,55.95829,{FDCFB5D5-CF72-4EB7-BB71-2CF46CB59B79},99592.6325879836,174489033.610113
349,S12000047,Fife,339187,704721,-2.9825101,56.231121,{E54E7023-C177-4837-8719-AA3E9B55E844},358324.912814316,1325190262.60271
350,S12000048,Perth and Kinross,284302,744185,-3.88484,56.575279,{0D9C32D1-A33F-4081-8F27-D9E21A170D9C},633248.172986057,5383770929.93387
351,S12000049,Glasgow City,261534,667033,-4.2147899,55.876492,{4D20761F-9997-446E-AE08-CFDB91F0E595},135573.393985495,174622045.630306
352,S12000050,North Lanarkshire,277984,665608,-3.9514,55.868141,{BE15E7BD-A0DC-468F-923F-F2BFC5224A9C},163983.319889321,472298223.95542
353,W06000001,Isle of Anglesey,245217,378331,-4.3229799,53.279308,{B13033C5-420B-4761-895A-48C7451034EF},378960.67141421,715212551.9198
354,W06000002,Gwynedd,280555,334966,-3.7771499,52.89883,{1A1E579F-35A6-46AA-82D3-D4543770704B},643030.305858801,2548292895.1125
355,W06000003,Conwy,283293,362563,-3.74646,53.147388,{D3EE5333-4688-4180-848C-518ED0FB2870},283263.119395945,1130179030.87959
356,W06000004,Denbighshire,309843,355416,-3.34761,53.088329,{E7258664-88C0-43CD-8E7F-11B5E3696D51},228749.239059248,838716213.359295
357,W06000005,Flintshire,321134,369280,-3.1824801,53.21471,{17B512AB-9332-4B9C-BEEF-29E1A1AC2661},239000.600465472,439830305.306746
358,W06000006,Wrexham,333523,345387,-2.9920299,53.001671,{3CAE1CE1-F976-4ABA-A5E5-61CABF2B8A9B},190023.448114478,503773535.229867
359,W06000008,Ceredigion,267127,268437,-3.94993,52.297951,{DA448F45-9917-4E55-BA8C-563A6C8A400E},382131.522913249,1788379261.8957
360,W06000009,Pembrokeshire,199821,221392,-4.9081802,51.855129,{04121E13-B87B-4648-96E1-903689DFB174},743250.249529533,1618344480.35976
361,W06000010,Carmarthenshire,247954,224133,-4.2111001,51.894951,{22AA90E5-0DE2-4414-9984-A5F624AB8475},591757.196756814,2371104044.59328
362,W06000011,Swansea,264022,197308,-3.9672301,51.658058,{890A14E3-D58B-414E-837A-4FE16218D495},270825.582117602,377614544.986489
363,W06000012,Neath Port Talbot,279261,195412,-3.7463801,51.644501,{E2F0B1DE-0BC9-4508-A8D7-BE92EC38BF2A},182182.731934738,442272629.117939
364,W06000013,Bridgend,288231,185870,-3.61375,51.5606,{436003C4-8220-4CC6-90A9-35523F0D8AF1},93180.2520200994,250785314.083402
365,W06000014,Vale of Glamorgan,302947,173080,-3.39801,51.44836,{25F7260B-6805-4801-B1EA-D870F71F4932},108400.387481917,331261382.621457
366,W06000015,Cardiff,315272,178887,-3.22209,51.502541,{D9F16FB9-AAF9-4A00-B636-2C27D4B1AF83},79616.4688690007,142303613.187103
367,W06000016,Rhondda Cynon Taf,302237,192395,-3.41359,51.621849,{8335127F-4BA6-48ED-BCEE-30E8263960C2},130225.273793906,424150476.006006
368,W06000018,Caerphilly,317245,195259,-3.19753,51.650009,{0A13D3E7-D1DA-4566-9C0E-53C837F18249},116195.727849562,277387807.11228
369,W06000019,Blaenau Gwent,318236,206771,-3.18592,51.753639,{EFE9BADE-68C4-4B9A-B0F8-B963475B0055},65601.5677696131,108728046.06745
370,W06000020,Torfaen,327459,200480,-3.0510099,51.69836,{C9598C98-A144-4BD0-978F-531E20614FEC},82540.0392973316,126239929.822366
371,W06000021,Monmouthshire,337812,209231,-2.9028001,51.778271,{47C66F0F-5067-4999-8CD8-3F020466C6D5},224909.141029611,850327720.787806
372,W06000022,Newport,337897,187432,-2.8976901,51.58231,{75C4922E-9804-4FD6-9710-C73A04F366E8},153213.179655942,190431147.336152
373,W06000023,Powys,302329,273255,-3.4353099,52.34864,{5F6FCB45-8827-416E-99F1-83537A3B5BBD},610076.853820171,5195311063.63017
374,W06000024,Merthyr Tydfil,305916,206424,-3.3642499,51.748581,{56C685CE-858D-4A94-9CA1-D5C18D9A19BF},66689.0810594782,111956970.938394
